Timestamp,Symbol,Side,Qty,Entry,Exit,PnL,PnL%,Reason
2026-01-21 09:48:40,NIFTY27JAN2625200PE,PUT,65,130.05,130.05,0.00,0.00%,TSL Hit
2026-01-21 10:04:44,NIFTY27JAN2625200PE,PUT,65,132.05,123.15,-578.50,-6.74%,TSL Hit
2026-01-22 11:26:14,NIFTY27JAN2625200CE,CALL,65,203.90,203.90,0.00,0.00%,TSL Hit
2026-01-22 11:27:16,NIFTY27JAN2625200CE,CALL,65,200.00,200.00,0.00,0.00%,TSL Hit
2026-01-22 11:42:31,NIFTY27JAN2625200PE,PUT,65,130.25,130.40,9.75,0.12%,TSL Hit
2026-01-22 11:43:36,NIFTY27JAN2625200PE,PUT,65,131.80,132.80,65.00,0.76%,TSL Hit
2026-01-22 11:43:38,NIFTY27JAN2625200CE,CALL,65,188.85,159.30,-1920.75,-15.65%,TSL Hit
2026-01-22 11:44:36,NIFTY27JAN2625200PE,PUT,65,132.75,133.00,16.25,0.19%,TSL Hit
2026-01-22 11:46:08,NIFTY27JAN2625200PE,PUT,65,134.65,131.55,-201.50,-2.30%,TSL Hit
2026-01-22 11:46:40,NIFTY27JAN2625200PE,PUT,65,132.65,132.65,0.00,0.00%,TSL Hit
2026-01-22 11:48:43,NIFTY27JAN2625200PE,PUT,65,143.75,143.75,0.00,0.00%,TSL Hit
2026-01-22 11:51:41,NIFTY27JAN2625200PE,PUT,65,122.20,124.45,146.25,1.84%,TSL Hit
2026-01-22 11:53:05,NIFTY27JAN2625200PE,PUT,65,125.40,131.20,377.00,4.63%,TSL Hit
2026-01-22 11:59:46,NIFTY27JAN2625200PE,PUT,65,132.60,135.15,165.75,1.92%,TSL Hit
2026-01-22 12:04:46,NIFTY27JAN2625200PE,PUT,65,129.95,130.95,65.00,0.77%,TSL Hit
2026-01-22 12:06:16,NIFTY27JAN2625200CE,CALL,65,172.20,169.70,-162.50,-1.45%,TSL Hit
2026-01-22 12:08:28,NIFTY27JAN2625200CE,CALL,65,175.65,179.35,240.50,2.11%,TSL Hit
2026-01-22 12:09:24,NIFTY27JAN2625200CE,CALL,65,181.55,180.15,-91.00,-0.77%,TSL Hit
2026-01-23 09:31:07,NIFTY27JAN2625400CE,CALL,65,99.10,95.55,-230.75,-3.58%,TSL Hit
2026-01-23 09:31:20,NIFTY27JAN2625400CE,CALL,65,95.10,91.05,-263.25,-4.26%,TSL Hit
2026-01-23 09:32:24,NIFTY27JAN2625400CE,CALL,65,96.80,97.90,71.50,1.14%,TSL Hit
2026-01-23 09:36:38,NIFTY27JAN2625400CE,CALL,65,97.30,85.70,-754.00,-11.92%,TSL Hit
2026-01-23 09:46:52,NIFTY27JAN2625400PE,PUT,65,171.75,161.15,-689.00,-6.17%,TSL Hit
2026-01-23 09:47:00,NIFTY27JAN2625400PE,PUT,65,171.75,154.35,-1131.00,-10.13%,TSL Hit
2026-01-23 09:47:47,NIFTY27JAN2625400PE,PUT,260,160.35,152.35,-2080.00,-4.99%,TSL Hit
2026-01-23 09:48:00,NIFTY27JAN2625400PE,PUT,520,156.35,150.50,-3042.00,-3.74%,Daily Limit Reached
2026-01-23 09:48:08,NIFTY27JAN2625400PE,PUT,1040,153.43,152.95,-499.20,-0.31%,Daily Limit Reached
2026-01-23 09:48:19,NIFTY27JAN2625400PE,PUT,2080,152.12,146.15,-12417.60,-3.92%,Daily Limit Reached
2026-01-23 09:48:30,NIFTY27JAN2625400PE,PUT,4160,149.13,142.75,-26540.80,-4.28%,TSL Hit
2026-01-23 09:48:41,NIFTY27JAN2625400PE,PUT,8320,145.94,144.95,-8236.80,-0.68%,Daily Limit Reached
2026-01-23 09:48:52,NIFTY27JAN2625400PE,PUT,16640,146.69,148.15,24294.40,1.00%,Daily Limit Reached
2026-01-23 09:49:09,NIFTY27JAN2625400PE,PUT,33280,147.42,156.00,285542.40,5.82%,Daily Limit Reached
2026-01-23 09:49:17,NIFTY27JAN2625400PE,PUT,66560,150.06,152.10,135782.40,1.36%,Daily Limit Reached
2026-01-23 09:49:29,NIFTY27JAN2625400PE,PUT,66560,150.06,149.90,-10649.60,-0.11%,Daily Limit Reached
2026-01-23 09:49:39,NIFTY27JAN2625400PE,PUT,66560,150.06,153.35,218982.40,2.19%,Daily Limit Reached
2026-01-23 09:50:02,NIFTY27JAN2625400PE,PUT,66560,150.06,154.75,312166.40,3.13%,Daily Limit Reached
2026-01-23 09:50:17,NIFTY27JAN2625400PE,PUT,66560,150.06,155.30,348774.40,3.49%,Daily Limit Reached
2026-01-23 09:50:24,NIFTY27JAN2625400PE,PUT,66560,150.06,156.45,425318.40,4.26%,Daily Limit Reached
2026-01-23 09:50:38,NIFTY27JAN2625400PE,PUT,66560,150.06,155.95,392038.40,3.93%,Daily Limit Reached
2026-01-23 09:50:46,NIFTY27JAN2625400PE,PUT,66560,150.06,154.10,268902.40,2.69%,Daily Limit Reached
2026-01-23 09:51:03,NIFTY27JAN2625400PE,PUT,66560,150.06,150.30,15974.40,0.16%,Daily Limit Reached
2026-01-23 09:51:11,NIFTY27JAN2625400PE,PUT,66560,150.06,155.50,362086.40,3.63%,Daily Limit Reached
2026-01-23 09:51:23,NIFTY27JAN2625400PE,PUT,66560,150.06,155.60,368742.40,3.69%,Daily Limit Reached
2026-01-23 09:51:30,NIFTY27JAN2625400PE,PUT,66560,150.06,156.00,395366.40,3.96%,Daily Limit Reached
2026-01-23 09:51:41,NIFTY27JAN2625400PE,PUT,66560,150.06,157.30,481894.40,4.82%,Daily Limit Reached
2026-01-23 09:51:52,NIFTY27JAN2625400PE,PUT,66560,150.06,155.00,328806.40,3.29%,Daily Limit Reached
2026-01-23 09:52:03,NIFTY27JAN2625400PE,PUT,66560,150.06,154.50,295526.40,2.96%,Daily Limit Reached
2026-01-23 09:52:14,NIFTY27JAN2625400PE,PUT,66560,150.06,154.85,318822.40,3.19%,Daily Limit Reached
2026-01-23 09:52:28,NIFTY27JAN2625400PE,PUT,66560,150.06,154.65,305510.40,3.06%,Daily Limit Reached
2026-01-23 09:52:42,NIFTY27JAN2625400PE,PUT,66560,150.06,157.30,481894.40,4.82%,Daily Limit Reached
2026-01-23 09:53:02,NIFTY27JAN2625400PE,PUT,66560,150.06,157.30,481894.40,4.82%,Daily Limit Reached
2026-01-23 09:53:10,NIFTY27JAN2625400PE,PUT,66560,150.06,158.85,585062.40,5.86%,Daily Limit Reached
2026-01-23 09:53:22,NIFTY27JAN2625400PE,PUT,66560,150.06,154.20,275558.40,2.76%,Daily Limit Reached
2026-01-23 09:53:30,NIFTY27JAN2625400PE,PUT,66560,150.06,153.70,242278.40,2.43%,Daily Limit Reached
2026-01-23 09:53:46,NIFTY27JAN2625400PE,PUT,66560,150.06,152.55,165734.40,1.66%,Daily Limit Reached
2026-01-23 09:53:57,NIFTY27JAN2625400PE,PUT,66560,150.06,154.25,278886.40,2.79%,Daily Limit Reached
2026-01-23 09:54:07,NIFTY27JAN2625400PE,PUT,66560,150.06,156.75,445286.40,4.46%,Daily Limit Reached
2026-01-23 09:54:14,NIFTY27JAN2625400PE,PUT,66560,150.06,156.40,421990.40,4.22%,Daily Limit Reached
2026-01-23 09:54:26,NIFTY27JAN2625400PE,PUT,66560,150.06,158.50,561766.40,5.62%,Daily Limit Reached
2026-01-23 09:54:36,NIFTY27JAN2625400PE,PUT,66560,150.06,159.00,595046.40,5.96%,Daily Limit Reached
2026-01-23 09:54:46,NIFTY27JAN2625400PE,PUT,66560,150.06,160.15,671590.40,6.72%,Daily Limit Reached
2026-01-23 09:54:56,NIFTY27JAN2625400PE,PUT,66560,150.06,164.70,974438.40,9.76%,Daily Limit Reached
2026-01-23 09:55:07,NIFTY27JAN2625400PE,PUT,66560,150.06,158.65,571750.40,5.72%,Daily Limit Reached
2026-01-23 09:55:24,NIFTY27JAN2625400PE,PUT,66560,150.06,160.10,668262.40,6.69%,Daily Limit Reached
2026-01-23 09:55:31,NIFTY27JAN2625400PE,PUT,66560,150.06,160.35,684902.40,6.86%,Daily Limit Reached
2026-01-23 09:55:41,NIFTY27JAN2625400PE,PUT,66560,150.06,165.00,994406.40,9.96%,Daily Limit Reached
2026-01-23 09:55:52,NIFTY27JAN2625400PE,PUT,66560,150.06,164.10,934502.40,9.36%,Daily Limit Reached
2026-01-23 09:56:08,NIFTY27JAN2625400PE,PUT,66560,150.06,162.00,794726.40,7.96%,Daily Limit Reached
2026-01-23 09:56:14,NIFTY27JAN2625400PE,PUT,66560,150.06,163.20,874598.40,8.76%,Daily Limit Reached
2026-01-23 09:56:26,NIFTY27JAN2625400PE,PUT,66560,150.06,162.35,818022.40,8.19%,Daily Limit Reached
2026-01-23 09:56:34,NIFTY27JAN2625400PE,PUT,66560,150.06,161.55,764774.40,7.66%,Daily Limit Reached
2026-01-23 09:56:51,NIFTY27JAN2625400PE,PUT,66560,150.06,157.90,521830.40,5.22%,Daily Limit Reached
2026-01-23 09:57:03,NIFTY27JAN2625400PE,PUT,66560,150.06,157.15,471910.40,4.72%,Daily Limit Reached
2026-01-23 09:57:16,NIFTY27JAN2625400PE,PUT,66560,150.06,156.00,395366.40,3.96%,Daily Limit Reached
2026-01-23 09:57:43,NIFTY27JAN2625400PE,PUT,66560,150.06,154.00,262246.40,2.63%,Daily Limit Reached
2026-01-23 09:57:47,NIFTY27JAN2625400PE,PUT,66560,150.06,157.30,481894.40,4.82%,Daily Limit Reached
2026-01-23 09:58:04,NIFTY27JAN2625400PE,PUT,66560,150.06,156.50,428646.40,4.29%,Daily Limit Reached
2026-01-23 09:58:11,NIFTY27JAN2625400PE,PUT,66560,150.06,158.60,568422.40,5.69%,Daily Limit Reached
2026-01-23 09:58:22,NIFTY27JAN2625400PE,PUT,66560,150.06,161.20,741478.40,7.42%,Daily Limit Reached
2026-01-23 09:58:32,NIFTY27JAN2625400PE,PUT,66560,150.06,160.35,684902.40,6.86%,Daily Limit Reached
2026-01-23 09:58:41,NIFTY27JAN2625400PE,PUT,66560,150.06,160.25,678246.40,6.79%,Daily Limit Reached
2026-01-23 09:58:59,NIFTY27JAN2625400PE,PUT,66560,150.06,154.55,298854.40,2.99%,Daily Limit Reached
2026-01-23 09:59:13,NIFTY27JAN2625400PE,PUT,66560,150.06,150.45,25958.40,0.26%,Daily Limit Reached
2026-01-23 09:59:30,NIFTY27JAN2625400PE,PUT,66560,150.06,152.90,189030.40,1.89%,Daily Limit Reached
2026-01-23 09:59:36,NIFTY27JAN2625400PE,PUT,66560,150.06,150.90,55910.40,0.56%,Daily Limit Reached
2026-01-23 09:59:47,NIFTY27JAN2625400PE,PUT,66560,150.06,151.85,119142.40,1.19%,Daily Limit Reached
2026-01-23 10:00:03,NIFTY27JAN2625400PE,PUT,66560,150.06,156.15,405350.40,4.06%,Daily Limit Reached
2026-01-23 10:00:09,NIFTY27JAN2625400PE,PUT,66560,150.06,148.35,-113817.60,-1.14%,Daily Limit Reached
2026-01-23 10:00:28,NIFTY27JAN2625400PE,PUT,66560,150.06,147.95,-140441.60,-1.41%,Daily Limit Reached
2026-01-23 10:00:42,NIFTY27JAN2625400PE,PUT,66560,150.06,148.30,-117145.60,-1.17%,Daily Limit Reached
2026-01-23 10:00:53,NIFTY27JAN2625400PE,PUT,66560,150.06,151.15,72550.40,0.73%,Daily Limit Reached
2026-01-23 10:01:04,NIFTY27JAN2625400PE,PUT,66560,150.06,156.50,428646.40,4.29%,Daily Limit Reached
2026-01-23 10:01:15,NIFTY27JAN2625400PE,PUT,66560,150.06,155.20,342118.40,3.43%,Daily Limit Reached
2026-01-23 10:01:30,NIFTY27JAN2625400PE,PUT,66560,150.06,156.00,395366.40,3.96%,Daily Limit Reached
2026-01-23 10:01:35,NIFTY27JAN2625400PE,PUT,66560,150.06,159.90,654950.40,6.56%,Daily Limit Reached
2026-01-23 10:02:11,NIFTY27JAN2625400PE,PUT,66560,150.06,166.45,1090918.40,10.92%,Daily Limit Reached
2026-01-23 10:02:30,NIFTY27JAN2625400PE,PUT,66560,150.06,166.30,1080934.40,10.82%,Daily Limit Reached
2026-01-23 10:02:42,NIFTY27JAN2625400PE,PUT,66560,150.06,166.80,1114214.40,11.16%,Daily Limit Reached
2026-01-23 10:02:48,NIFTY27JAN2625400PE,PUT,66560,150.06,168.35,1217382.40,12.19%,Daily Limit Reached
2026-01-23 10:02:59,NIFTY27JAN2625400PE,PUT,66560,150.06,167.40,1154150.40,11.56%,Daily Limit Reached
2026-01-23 10:03:10,NIFTY27JAN2625400PE,PUT,66560,150.06,173.45,1556838.40,15.59%,Daily Limit Reached
2026-01-23 10:03:21,NIFTY27JAN2625400PE,PUT,66560,150.06,175.50,1693286.40,16.95%,Daily Limit Reached
2026-01-23 10:03:40,NIFTY27JAN2625400PE,PUT,66560,150.06,168.60,1234022.40,12.36%,Daily Limit Reached
2026-01-23 10:03:53,NIFTY27JAN2625400PE,PUT,66560,150.06,169.35,1283942.40,12.85%,Daily Limit Reached
2026-01-23 10:04:09,NIFTY27JAN2625400PE,PUT,65,170.30,171.40,71.50,0.65%,Daily Limit Reached
2026-01-23 10:04:13,NIFTY27JAN2625400PE,PUT,66625,150.08,171.95,1457088.75,14.57%,Daily Limit Reached
2026-01-23 10:04:31,NIFTY27JAN2625400PE,PUT,66625,150.08,168.80,1247220.00,12.47%,Daily Limit Reached
2026-01-23 10:04:37,NIFTY27JAN2625400PE,PUT,66625,150.08,169.45,1290526.25,12.91%,Daily Limit Reached
2026-01-23 10:04:54,NIFTY27JAN2625400PE,PUT,66625,150.08,166.25,1077326.25,10.77%,Daily Limit Reached
2026-01-23 10:04:58,NIFTY27JAN2625400PE,PUT,66625,150.08,164.25,944076.25,9.44%,Daily Limit Reached
2026-01-23 10:05:09,NIFTY27JAN2625400PE,PUT,66625,150.08,157.10,467707.50,4.68%,Daily Limit Reached
2026-01-23 10:05:20,NIFTY27JAN2625400PE,PUT,66625,150.08,160.95,724213.75,7.24%,Daily Limit Reached
2026-01-23 10:05:48,NIFTY27JAN2625400PE,PUT,66625,150.08,152.90,187882.50,1.88%,Daily Limit Reached
2026-01-23 10:06:09,NIFTY27JAN2625400PE,PUT,66625,150.08,149.55,-35311.25,-0.35%,Daily Limit Reached
2026-01-23 10:06:22,NIFTY27JAN2625400PE,PUT,66625,150.08,142.75,-488361.25,-4.88%,TSL Hit
2026-01-23 10:06:36,NIFTY27JAN2625400PE,PUT,66625,150.08,141.50,-571642.50,-5.72%,TSL Hit
2026-01-23 10:06:44,NIFTY27JAN2625400PE,PUT,66625,150.08,141.20,-591630.00,-5.92%,TSL Hit
2026-01-23 10:06:54,NIFTY27JAN2625400PE,PUT,66625,150.08,149.35,-48636.25,-0.49%,Daily Limit Reached
2026-01-23 10:07:05,NIFTY27JAN2625400PE,PUT,66625,150.08,148.80,-85280.00,-0.85%,Daily Limit Reached
2026-01-23 10:07:15,NIFTY27JAN2625400PE,PUT,66625,150.08,151.50,94607.50,0.95%,Daily Limit Reached
2026-01-23 11:49:52,NIFTY27JAN2625200CE,CALL,65,189.00,121.45,-4390.75,-35.74%,TSL Hit
2026-01-23 11:50:06,NIFTY27JAN2625200PE,PUT,65,81.45,100.85,1261.00,23.82%,TSL Hit
2026-01-23 11:51:11,NIFTY27JAN2625200PE,PUT,130,91.15,101.65,1365.00,11.52%,TSL Hit
2026-01-23 11:51:24,NIFTY27JAN2625200PE,PUT,260,96.40,98.00,416.00,1.66%,TSL Hit
2026-01-23 11:52:07,NIFTY27JAN2625200PE,PUT,520,97.20,98.35,598.00,1.18%,TSL Hit
2026-01-23 11:53:14,NIFTY27JAN2625200PE,PUT,1040,97.78,92.35,-5647.20,-5.55%,TSL Hit
2026-01-23 11:53:22,NIFTY27JAN2625200PE,PUT,2080,95.06,93.30,-3660.80,-1.85%,Daily Limit Reached
2026-01-23 11:53:31,NIFTY27JAN2625200PE,PUT,4160,94.18,92.00,-9068.80,-2.31%,Daily Limit Reached
2026-01-23 11:53:45,NIFTY27JAN2625200PE,PUT,8320,93.09,91.35,-14476.80,-1.87%,Daily Limit Reached
2026-01-23 11:53:53,NIFTY27JAN2625200PE,PUT,16640,92.22,93.15,15475.20,1.01%,Daily Limit Reached
2026-01-23 11:54:11,NIFTY27JAN2625200PE,PUT,33280,92.69,95.20,83532.80,2.71%,Daily Limit Reached
2026-01-23 11:54:19,NIFTY27JAN2625200PE,PUT,66560,93.94,96.50,170393.60,2.73%,Daily Limit Reached
2026-01-23 11:54:59,NIFTY27JAN2625200PE,PUT,66560,93.94,99.05,340121.60,5.44%,Daily Limit Reached
2026-01-23 11:55:26,NIFTY27JAN2625200PE,PUT,66560,93.94,96.40,163737.60,2.62%,Daily Limit Reached
2026-01-23 11:56:01,NIFTY27JAN2625200PE,PUT,66560,93.94,97.35,226969.60,3.63%,Daily Limit Reached
2026-01-23 11:56:11,NIFTY27JAN2625200PE,PUT,66560,93.94,96.30,157081.60,2.51%,Daily Limit Reached
2026-01-23 11:56:23,NIFTY27JAN2625200PE,PUT,66560,93.94,99.65,380057.60,6.08%,Daily Limit Reached
2026-01-23 11:56:53,NIFTY27JAN2625200PE,PUT,66560,93.94,100.05,406681.60,6.50%,Daily Limit Reached
2026-01-23 11:57:03,NIFTY27JAN2625200PE,PUT,66560,93.94,99.55,373401.60,5.97%,Daily Limit Reached
2026-01-23 11:57:13,NIFTY27JAN2625200PE,PUT,66560,93.94,101.10,476569.60,7.62%,Daily Limit Reached
2026-01-23 11:57:30,NIFTY27JAN2625200PE,PUT,66560,93.94,98.85,326809.60,5.23%,Daily Limit Reached
2026-01-23 11:57:49,NIFTY27JAN2625200PE,PUT,66560,93.94,96.55,173721.60,2.78%,Daily Limit Reached
2026-01-23 11:58:35,NIFTY27JAN2625200PE,PUT,66560,93.94,97.05,207001.60,3.31%,Daily Limit Reached
2026-01-23 11:58:47,NIFTY27JAN2625200PE,PUT,66560,93.94,95.60,110489.60,1.77%,Daily Limit Reached
2026-01-23 11:59:03,NIFTY27JAN2625200PE,PUT,66560,93.94,94.10,10649.60,0.17%,Daily Limit Reached
2026-01-23 11:59:12,NIFTY27JAN2625200PE,PUT,66560,93.94,93.45,-32614.40,-0.52%,Daily Limit Reached
2026-01-23 11:59:19,NIFTY27JAN2625200PE,PUT,66560,93.94,94.05,7321.60,0.12%,Daily Limit Reached
2026-01-23 11:59:34,NIFTY27JAN2625200PE,PUT,66560,93.94,92.65,-85862.40,-1.37%,Daily Limit Reached
2026-01-23 11:59:42,NIFTY27JAN2625200PE,PUT,66560,93.94,91.85,-139110.40,-2.22%,Daily Limit Reached
2026-01-23 11:59:53,NIFTY27JAN2625200PE,PUT,66560,93.94,91.05,-192358.40,-3.08%,Daily Limit Reached
2026-01-23 12:00:04,NIFTY27JAN2625200PE,PUT,66560,93.94,92.30,-109158.40,-1.75%,Daily Limit Reached
2026-01-23 12:00:16,NIFTY27JAN2625200PE,PUT,66560,93.94,91.90,-135782.40,-2.17%,Daily Limit Reached
2026-01-23 12:00:28,NIFTY27JAN2625200PE,PUT,66560,93.94,93.95,665.60,0.01%,Daily Limit Reached
2026-01-23 12:00:39,NIFTY27JAN2625200PE,PUT,66560,93.94,91.70,-149094.40,-2.38%,Daily Limit Reached
2026-01-23 12:00:51,NIFTY27JAN2625200PE,PUT,66560,93.94,93.50,-29286.40,-0.47%,Daily Limit Reached
2026-01-23 12:01:02,NIFTY27JAN2625200PE,PUT,66560,93.94,95.00,70553.60,1.13%,Daily Limit Reached
2026-01-23 12:01:14,NIFTY27JAN2625200PE,PUT,66560,93.94,95.40,97177.60,1.55%,Daily Limit Reached
2026-01-23 12:01:28,NIFTY27JAN2625200PE,PUT,66560,93.94,94.60,43929.60,0.70%,Daily Limit Reached
2026-01-23 12:01:40,NIFTY27JAN2625200PE,PUT,66560,93.94,97.85,260249.60,4.16%,Daily Limit Reached
2026-01-23 12:01:51,NIFTY27JAN2625200PE,PUT,66560,93.94,97.05,207001.60,3.31%,Daily Limit Reached
2026-01-23 12:01:59,NIFTY27JAN2625200PE,PUT,66560,93.94,98.00,270233.60,4.32%,Daily Limit Reached
2026-01-23 12:02:10,NIFTY27JAN2625200PE,PUT,66625,93.94,95.25,87278.75,1.39%,Daily Limit Reached
2026-01-23 12:02:18,NIFTY27JAN2625200PE,PUT,66625,93.94,95.95,133916.25,2.14%,Daily Limit Reached
2026-01-23 12:02:32,NIFTY27JAN2625200PE,PUT,66625,93.94,98.75,320466.25,5.12%,Daily Limit Reached
2026-01-23 12:02:41,NIFTY27JAN2625200PE,PUT,66625,93.94,99.55,373766.25,5.97%,Daily Limit Reached
2026-01-23 12:02:54,NIFTY27JAN2625200PE,PUT,66625,93.94,98.25,287153.75,4.59%,Daily Limit Reached
2026-01-23 12:03:08,NIFTY27JAN2625200PE,PUT,66625,93.94,94.95,67291.25,1.08%,Daily Limit Reached
2026-01-23 12:03:19,NIFTY27JAN2625200PE,PUT,65,97.80,92.40,-351.00,-5.52%,TSL Hit
2026-01-23 12:03:34,NIFTY27JAN2625200PE,PUT,66755,93.94,92.40,-102802.70,-1.64%,Daily Limit Reached
2026-01-23 12:03:50,NIFTY27JAN2625200PE,PUT,66755,93.94,90.00,-263014.70,-4.19%,TSL Hit
2026-01-23 12:03:55,NIFTY27JAN2625200PE,PUT,66755,93.94,89.85,-273027.95,-4.35%,TSL Hit
2026-01-23 12:04:15,NIFTY27JAN2625200PE,PUT,66755,93.94,86.75,-479968.45,-7.65%,TSL Hit
2026-01-23 12:04:24,NIFTY27JAN2625200PE,PUT,65,88.10,87.00,-71.50,-1.25%,Daily Limit Reached
2026-01-23 12:04:44,NIFTY27JAN2625200PE,PUT,66885,93.92,88.80,-342451.20,-5.45%,TSL Hit
2026-01-23 12:04:51,NIFTY27JAN2625200PE,PUT,66885,93.92,87.30,-442778.70,-7.05%,TSL Hit
2026-01-23 12:05:03,NIFTY27JAN2625200PE,PUT,66885,93.92,88.40,-369205.20,-5.88%,TSL Hit
2026-01-23 12:05:13,NIFTY27JAN2625200PE,PUT,66885,93.92,90.80,-208681.20,-3.32%,Daily Limit Reached
2026-01-23 12:05:28,NIFTY27JAN2625200PE,PUT,66885,90.15,92.00,123737.25,2.05%,Daily Limit Reached
2026-01-23 12:05:36,NIFTY27JAN2625200PE,PUT,66885,90.15,91.10,63540.75,1.05%,Daily Limit Reached
2026-01-23 12:05:41,NIFTY27JAN2625200PE,PUT,65,90.25,92.90,172.25,2.94%,Daily Limit Reached
2026-01-23 12:05:51,NIFTY27JAN2625200PE,PUT,67015,90.15,93.70,237903.25,3.94%,Daily Limit Reached
2026-01-23 12:05:59,NIFTY27JAN2625200PE,PUT,67015,90.15,93.60,231201.75,3.83%,Daily Limit Reached
2026-01-23 12:06:09,NIFTY27JAN2625200PE,PUT,67015,90.15,95.60,365231.75,6.05%,Daily Limit Reached
2026-01-23 12:06:23,NIFTY27JAN2625200PE,PUT,67015,95.85,94.15,-113925.50,-1.77%,Daily Limit Reached
2026-01-23 12:06:31,NIFTY27JAN2625200PE,PUT,67015,95.85,94.60,-83768.75,-1.30%,Daily Limit Reached
2026-01-23 12:07:50,NIFTY27JAN2625200PE,PUT,67015,95.85,103.25,495911.00,7.72%,Daily Limit Reached
2026-01-23 12:07:59,NIFTY27JAN2625200PE,PUT,67015,95.85,102.80,465754.25,7.25%,Daily Limit Reached
2026-01-23 12:08:08,NIFTY27JAN2625200PE,PUT,67015,95.85,98.60,184291.25,2.87%,Daily Limit Reached
2026-01-23 12:08:19,NIFTY27JAN2625200PE,PUT,67015,95.85,99.40,237903.25,3.70%,Daily Limit Reached
2026-01-23 12:08:38,NIFTY27JAN2625200PE,PUT,67015,95.85,98.90,204395.75,3.18%,Daily Limit Reached
2026-01-23 12:09:03,NIFTY27JAN2625200PE,PUT,67015,95.85,102.00,412142.25,6.42%,Daily Limit Reached
2026-01-23 12:09:11,NIFTY27JAN2625200PE,PUT,67015,95.85,103.10,485858.75,7.56%,Daily Limit Reached
2026-01-23 12:09:34,NIFTY27JAN2625200PE,PUT,67015,95.85,99.80,264709.25,4.12%,Daily Limit Reached
2026-01-23 12:09:47,NIFTY27JAN2625200PE,PUT,67015,95.85,103.40,505963.25,7.88%,Daily Limit Reached
2026-01-23 12:10:00,NIFTY27JAN2625200PE,PUT,67015,95.85,102.35,435597.50,6.78%,Daily Limit Reached
2026-01-23 12:10:09,NIFTY27JAN2625200PE,PUT,67015,95.85,101.10,351828.75,5.48%,Daily Limit Reached
2026-01-23 12:10:25,NIFTY27JAN2625200PE,PUT,67015,95.85,100.30,298216.75,4.64%,Daily Limit Reached
2026-01-23 12:10:32,NIFTY27JAN2625200PE,PUT,67015,95.85,99.80,264709.25,4.12%,Daily Limit Reached
2026-01-23 12:10:43,NIFTY27JAN2625200PE,PUT,67015,95.85,100.10,284813.75,4.43%,Daily Limit Reached
2026-01-23 12:10:58,NIFTY27JAN2625200PE,PUT,67015,95.85,101.00,345127.25,5.37%,Daily Limit Reached
2026-01-23 12:11:07,NIFTY27JAN2625200PE,PUT,67015,95.85,100.80,331724.25,5.16%,Daily Limit Reached
2026-01-23 12:11:18,NIFTY27JAN2625200PE,PUT,67015,95.85,100.60,318321.25,4.96%,Daily Limit Reached
2026-01-23 12:11:31,NIFTY27JAN2625200PE,PUT,67015,95.85,99.75,261358.50,4.07%,Daily Limit Reached
2026-01-23 12:11:43,NIFTY27JAN2625200PE,PUT,67015,95.85,98.05,147433.00,2.30%,Daily Limit Reached
2026-01-23 12:11:52,NIFTY27JAN2625200PE,PUT,67015,95.85,98.65,187642.00,2.92%,Daily Limit Reached
2026-01-23 12:12:03,NIFTY27JAN2625200PE,PUT,67015,95.85,99.35,234552.50,3.65%,Daily Limit Reached
2026-01-23 12:12:16,NIFTY27JAN2625200PE,PUT,67015,95.85,100.15,288164.50,4.49%,Daily Limit Reached
2026-01-23 12:12:29,NIFTY27JAN2625200PE,PUT,67015,95.85,100.35,301567.50,4.69%,Daily Limit Reached
2026-01-23 12:12:37,NIFTY27JAN2625200PE,PUT,67015,95.85,100.00,278112.25,4.33%,Daily Limit Reached
2026-01-23 12:12:54,NIFTY27JAN2625200PE,PUT,67015,95.85,98.00,144082.25,2.24%,Daily Limit Reached
2026-01-23 12:13:00,NIFTY27JAN2625200PE,PUT,67015,95.85,97.85,134030.00,2.09%,Daily Limit Reached
2026-01-23 12:13:11,NIFTY27JAN2625200PE,PUT,67015,95.85,99.30,231201.75,3.60%,Daily Limit Reached
2026-01-23 12:13:24,NIFTY27JAN2625200PE,PUT,67015,95.85,98.80,197694.25,3.08%,Daily Limit Reached
2026-01-23 12:13:38,NIFTY27JAN2625200PE,PUT,67015,95.85,99.35,234552.50,3.65%,Daily Limit Reached
2026-01-23 12:13:45,NIFTY27JAN2625200PE,PUT,67015,95.85,99.40,237903.25,3.70%,Daily Limit Reached
2026-01-23 12:13:58,NIFTY27JAN2625200PE,PUT,67015,95.85,101.40,371933.25,5.79%,Daily Limit Reached
2026-01-23 12:14:15,NIFTY27JAN2625200PE,PUT,67015,95.85,101.55,381985.50,5.95%,Daily Limit Reached
2026-01-23 12:14:43,NIFTY27JAN2625200PE,PUT,67015,95.85,100.45,308269.00,4.80%,Daily Limit Reached
2026-01-23 12:15:09,NIFTY27JAN2625200PE,PUT,67015,95.85,102.40,438948.25,6.83%,Daily Limit Reached
2026-01-23 12:15:41,NIFTY27JAN2625200PE,PUT,67015,95.85,97.25,93821.00,1.46%,Daily Limit Reached
2026-01-23 12:15:54,NIFTY27JAN2625200PE,PUT,67015,95.85,97.15,87119.50,1.36%,Daily Limit Reached
2026-01-23 12:16:06,NIFTY27JAN2625200PE,PUT,67015,95.85,94.05,-120627.00,-1.88%,Daily Limit Reached
2026-01-23 12:16:17,NIFTY27JAN2625200PE,PUT,67080,95.85,94.15,-114036.00,-1.77%,Daily Limit Reached
2026-01-23 12:16:29,NIFTY27JAN2625200PE,PUT,67080,95.85,92.05,-254904.00,-3.96%,Daily Limit Reached
2026-01-23 12:16:40,NIFTY27JAN2625200PE,PUT,67080,95.85,89.60,-419250.00,-6.52%,TSL Hit
2026-01-23 12:16:48,NIFTY27JAN2625200PE,PUT,67080,95.85,88.30,-506454.00,-7.88%,TSL Hit
2026-01-23 12:17:00,NIFTY27JAN2625200PE,PUT,67080,95.85,89.75,-409188.00,-6.36%,TSL Hit
2026-01-23 12:17:13,NIFTY27JAN2625200PE,PUT,67080,95.85,92.00,-258258.00,-4.02%,TSL Hit
2026-01-23 12:17:27,NIFTY27JAN2625200PE,PUT,67080,95.85,93.50,-157638.00,-2.45%,Daily Limit Reached
2026-01-23 12:17:47,NIFTY27JAN2625200PE,PUT,67080,95.85,92.00,-258258.00,-4.02%,TSL Hit
2026-01-23 12:18:09,NIFTY27JAN2625200PE,PUT,67080,95.85,88.05,-523224.00,-8.14%,TSL Hit
2026-01-23 12:18:26,NIFTY27JAN2625200PE,PUT,67080,95.85,90.75,-342108.00,-5.32%,TSL Hit
2026-01-23 12:18:39,NIFTY27JAN2625200PE,PUT,67080,95.85,89.50,-425958.00,-6.62%,TSL Hit
2026-01-23 12:18:52,NIFTY27JAN2625200PE,PUT,67080,95.85,90.65,-348816.00,-5.43%,TSL Hit
2026-01-23 12:19:05,NIFTY27JAN2625200PE,PUT,67080,95.85,90.80,-338754.00,-5.27%,TSL Hit
2026-01-23 12:19:13,NIFTY27JAN2625200PE,PUT,67080,95.85,89.70,-412542.00,-6.42%,TSL Hit
2026-01-23 12:19:32,NIFTY27JAN2625200PE,PUT,67080,95.85,86.20,-647322.00,-10.07%,TSL Hit
2026-01-27 11:31:17,NIFTY27JAN2625100CE,CALL,65,62.00,59.80,-143.00,-3.55%,TSL Hit
2026-01-27 11:55:28,NIFTY27JAN2625000PE,PUT,65,35.00,32.05,-191.75,-8.43%,TSL Hit
2026-01-27 12:04:12,NIFTY27JAN2625000CE,CALL,65,167.05,159.60,-484.25,-4.46%,TSL Hit
2026-01-27 12:11:16,NIFTY27JAN2625000CE,CALL,65,161.00,157.15,-250.25,-2.39%,TSL Hit
2026-01-27 12:31:08,NIFTY27JAN2625000PE,PUT,65,27.70,24.80,-188.50,-10.47%,TSL Hit
2026-01-27 12:34:45,NIFTY27JAN2625000PE,PUT,65,27.85,26.40,-94.25,-5.21%,TSL Hit
2026-01-27 12:38:11,NIFTY27JAN2625000PE,PUT,65,32.85,29.45,-221.00,-10.35%,TSL Hit
2026-01-27 12:55:05,NIFTY27JAN2625000CE,CALL,65,134.45,127.75,-435.50,-4.98%,TSL Hit
2026-01-27 13:00:03,NIFTY27JAN2625000CE,CALL,65,129.10,123.00,-396.50,-4.73%,TSL Hit
2026-01-27 13:10:02,NIFTY27JAN2625000CE,CALL,65,127.95,124.35,-234.00,-2.81%,TSL Hit
2026-01-27 13:17:41,NIFTY27JAN2625000CE,CALL,65,126.75,121.50,-341.25,-4.14%,TSL Hit
2026-01-27 13:21:53,NIFTY27JAN2625000CE,CALL,65,128.25,127.10,-74.75,-0.90%,TSL Hit
2026-01-27 13:37:34,NIFTY27JAN2625000PE,PUT,65,19.25,17.60,-107.25,-8.57%,TSL Hit
2026-01-27 14:13:59,NIFTY27JAN2625000CE,CALL,65,78.40,72.65,-373.75,-7.33%,TSL Hit
2026-01-27 14:23:58,NIFTY27JAN2625000PE,PUT,65,32.30,29.80,-162.50,-7.74%,TSL Hit
2026-01-27 14:40:37,NIFTY27JAN2625000CE,CALL,65,94.30,119.00,1605.50,26.19%,TSL Hit
2026-01-28 09:43:30,NIFTY03FEB2625400CE,CALL,65,211.55,202.35,-598.00,-4.35%,TSL Hit
2026-01-28 10:09:03,NIFTY03FEB2625300PE,PUT,65,222.75,237.10,932.75,6.44%,TSL Hit
2026-01-28 10:13:20,NIFTY03FEB2625300PE,PUT,65,238.40,244.55,399.75,2.58%,TSL Hit
2026-01-28 10:34:31,NIFTY03FEB2625300PE,PUT,65,244.00,238.75,-341.25,-2.15%,TSL Hit
2026-01-28 10:44:14,NIFTY03FEB2625300CE,CALL,65,236.20,237.40,78.00,0.51%,TSL Hit
2026-01-28 11:51:53,RELIANCE24FEB261390PE,CALL,500,25.80,24.60,-600.00,-4.65%,TSL Hit
2026-01-29 09:27:38,NIFTY03FEB2625300CE,CALL,65,212.65,205.85,-442.00,-3.20%,TSL Hit
2026-01-29 09:31:48,NIFTY03FEB2625300PE,PUT,65,206.80,198.15,-562.25,-4.18%,TSL Hit
2026-01-29 10:20:34,NIFTY03FEB2625300CE,CALL,65,171.75,169.10,-172.25,-1.54%,TSL Hit
2026-01-29 10:22:21,NIFTY03FEB2625300PE,PUT,65,264.05,257.25,-442.00,-2.58%,TSL Hit
2026-01-29 10:28:31,NIFTY03FEB2625300PE,PUT,65,255.55,250.50,-328.25,-1.98%,TSL Hit
2026-01-29 10:55:02,NIFTY03FEB2625200CE,CALL,65,222.00,225.00,195.00,1.35%,TSL Hit
2026-01-29 11:28:30,NIFTY03FEB2625200PE,PUT,65,158.20,154.65,-230.75,-2.24%,TSL Hit
2026-01-29 11:31:39,NIFTY03FEB2625200CE,CALL,65,259.65,253.25,-416.00,-2.46%,TSL Hit
2026-01-29 12:11:26,NIFTY03FEB2625200CE,CALL,65,249.10,247.40,-110.50,-0.68%,TSL Hit
2026-01-29 12:22:18,NIFTY03FEB2625200CE,CALL,65,247.30,243.20,-266.50,-1.66%,TSL Hit
2026-01-29 12:26:42,NIFTY03FEB2625200CE,CALL,65,250.45,247.35,-201.50,-1.24%,TSL Hit
2026-01-29 13:20:35,NIFTY03FEB2625200PE,PUT,65,116.55,119.90,217.75,2.87%,TSL Hit
2026-01-29 13:31:52,NIFTY03FEB2625200CE,CALL,65,300.00,297.10,-188.50,-0.97%,TSL Hit
2026-01-29 14:11:19,NIFTY03FEB2625200PE,PUT,65,101.75,102.10,22.75,0.34%,TSL Hit
2026-01-29 14:13:04,NIFTY03FEB2625200CE,CALL,65,342.80,341.90,-58.50,-0.26%,TSL Hit
2026-01-29 14:27:26,NIFTY03FEB2625200CE,CALL,65,344.70,343.95,-48.75,-0.22%,TSL Hit
2026-01-30 09:37:02,NIFTY03FEB2625200CE,CALL,65,254.95,258.40,224.25,1.35%,TSL Hit
2026-01-30 09:41:44,NIFTY03FEB2625200PE,PUT,65,157.00,151.80,-338.00,-3.31%,TSL Hit
2026-01-30 09:58:18,NIFTY03FEB2625300PE,PUT,65,191.80,201.40,624.00,5.01%,TSL Hit
2026-01-30 10:21:10,NIFTY03FEB2625300PE,PUT,65,192.60,192.20,-26.00,-0.21%,TSL Hit
2026-01-30 10:33:32,NIFTY03FEB2625300CE,CALL,65,199.00,197.45,-100.75,-0.78%,TSL Hit
2026-01-30 10:37:59,NIFTY03FEB2625300PE,PUT,65,200.35,197.15,-208.00,-1.60%,TSL Hit
2026-01-30 10:46:01,NIFTY03FEB2625300CE,CALL,65,204.90,203.15,-113.75,-0.85%,TSL Hit
2026-01-30 10:47:19,NIFTY03FEB2625300PE,PUT,65,191.10,187.90,-208.00,-1.67%,TSL Hit
2026-01-30 10:49:32,NIFTY03FEB2625300CE,CALL,65,209.00,204.75,-276.25,-2.03%,TSL Hit
2026-01-30 10:54:21,NIFTY03FEB2625300PE,PUT,65,193.25,193.25,0.00,0.00%,TSL Hit
2026-01-30 11:03:54,NIFTY03FEB2625300CE,CALL,65,206.95,205.00,-126.75,-0.94%,TSL Hit
2026-01-30 11:12:10,NIFTY03FEB2625300CE,CALL,65,184.60,180.35,-276.25,-2.30%,TSL Hit
2026-01-30 13:08:44,NIFTY03FEB2625300PE,PUT,65,206.15,219.15,845.00,6.31%,TSL Hit
2026-01-30 13:15:04,NIFTY03FEB2625200CE,CALL,65,235.60,225.40,-663.00,-4.33%,TSL Hit
2026-01-30 13:15:16,NIFTY03FEB2625200PE,PUT,65,174.30,185.95,757.25,6.68%,TSL Hit
2026-01-30 13:16:32,NIFTY03FEB2625200PE,PUT,65,189.70,198.55,575.25,4.67%,TSL Hit
2026-01-30 13:22:40,NIFTY03FEB2625200PE,PUT,65,192.75,190.55,-143.00,-1.14%,TSL Hit
2026-01-30 13:29:42,NIFTY03FEB2625200CE,CALL,65,231.35,229.55,-117.00,-0.78%,TSL Hit
2026-01-30 13:49:39,NIFTY03FEB2625200PE,PUT,65,157.20,153.35,-250.25,-2.45%,TSL Hit
2026-01-30 13:51:58,NIFTY03FEB2625200CE,CALL,65,268.80,265.95,-185.25,-1.06%,TSL Hit
2026-01-30 14:04:19,NIFTY03FEB2625200CE,CALL,65,298.70,295.85,-185.25,-0.95%,TSL Hit
