timestamp,equity,cash,drawdown
1970-01-01 00:00:01.767083400,99993.0,91326.0,0.006999999999999999
1970-01-01 00:00:01.767083580,99914.0,91326.0,0.086
1970-01-01 00:00:01.767083760,99778.5,91326.0,0.2215
1970-01-01 00:00:01.767083940,99881.0,91326.0,0.11900000000000001
1970-01-01 00:00:01.767084120,99957.5,91326.0,0.042499999999999996
1970-01-01 00:00:01.767084300,100230.5,91326.0,0.0
1970-01-01 00:00:01.767084480,99891.5,91326.0,0.3382204019734512
1970-01-01 00:00:01.767084660,99835.5,91326.0,0.39409161881862304
1970-01-01 00:00:01.767084840,99377.0,91326.0,0.8515372067384678
1970-01-01 00:00:01.767085020,99278.5,99278.5,0.949810686367922
1970-01-01 00:00:01.767085200,99271.5,90861.5,0.9567945884735684
1970-01-01 00:00:01.767085380,99227.5,90861.5,1.0006934017090605
1970-01-01 00:00:01.767085560,99035.0,90861.5,1.1927507096143388
1970-01-01 00:00:01.767085740,99103.0,90861.5,1.1249070891594874
1970-01-01 00:00:01.767085920,99472.5,90861.5,0.7562568280114337
1970-01-01 00:00:01.767086100,99512.0,90861.5,0.7168476661295714
1970-01-01 00:00:01.767086280,99705.0,90861.5,0.5242915080738897
1970-01-01 00:00:01.767086460,99580.0,90861.5,0.6490040456747198
1970-01-01 00:00:01.767086640,99590.0,90861.5,0.6390270426666533
1970-01-01 00:00:01.767086820,99356.0,90861.5,0.8724889130554072
1970-01-01 00:00:01.767087000,98972.5,90861.5,1.255106978414754
1970-01-01 00:00:01.767087180,99605.5,90861.5,0.6235626880041504
1970-01-01 00:00:01.767087360,99353.5,90861.5,0.8749831638074239
1970-01-01 00:00:01.767087540,99192.5,90861.5,1.035612912237293
1970-01-01 00:00:01.767087720,99452.0,90861.5,0.7767096841779697
1970-01-01 00:00:01.767087900,99485.5,90861.5,0.7432867241009473
1970-01-01 00:00:01.767088080,99449.5,90861.5,0.7792039349299864
1970-01-01 00:00:01.767088260,99563.5,90861.5,0.6654661006380294
1970-01-01 00:00:01.767088440,99792.0,90861.5,0.43749158190371196
1970-01-01 00:00:01.767088620,100197.5,90861.5,0.03292410992661914
1970-01-01 00:00:01.767152700,101230.5,90861.5,0.0
1970-01-01 00:00:01.767152880,101371.0,90861.5,0.0
1970-01-01 00:00:01.767153060,101260.5,90861.5,0.10900553412711722
1970-01-01 00:00:01.767153240,100554.0,90861.5,0.805950419745292
1970-01-01 00:00:01.767153420,101471.5,90861.5,0.0
1970-01-01 00:00:01.767153600,101402.5,90861.5,0.06799938899099747
1970-01-01 00:00:01.767153780,100907.0,90861.5,0.5563138418176532
1970-01-01 00:00:01.767153960,101080.0,90861.5,0.38582262014457264
1970-01-01 00:00:01.767154140,100908.5,90861.5,0.5548355942308925
1970-01-01 00:00:01.767154320,100256.0,92703.0,1.1978732944718467
1970-01-01 00:00:01.767154500,100100.0,92703.0,1.3516110434949715
1970-01-01 00:00:01.767154680,99900.5,92703.0,1.5482179725341598
1970-01-01 00:00:01.767154860,100024.0,92703.0,1.4265089212241862
1970-01-01 00:00:01.767155040,100048.0,92703.0,1.402856959836013
1970-01-01 00:00:01.767155220,99986.0,92703.0,1.4639578600887933
1970-01-01 00:00:01.767155400,99921.5,92703.0,1.5275225063195084
1970-01-01 00:00:01.767155580,100197.5,92703.0,1.2555249503555184
1970-01-01 00:00:01.767155760,99863.5,92703.0,1.5846814130075932
1970-01-01 00:00:01.767155940,99842.5,92703.0,1.6053768792222447
1970-01-01 00:00:01.767156120,99721.0,92703.0,1.7251149337498706
1970-01-01 00:00:01.767156300,99561.5,92703.0,1.8823019271421038
1970-01-01 00:00:01.767156480,99462.0,99462.0,1.9803590170639047
1970-01-01 00:00:01.767156660,99462.0,99462.0,1.9803590170639047
1970-01-01 00:00:01.767156840,99462.0,99462.0,1.9803590170639047
1970-01-01 00:00:01.767157020,99462.0,99462.0,1.9803590170639047
1970-01-01 00:00:01.767157200,99462.0,99462.0,1.9803590170639047
1970-01-01 00:00:01.767157380,99462.0,99462.0,1.9803590170639047
1970-01-01 00:00:01.767157560,99462.0,99462.0,1.9803590170639047
1970-01-01 00:00:01.767157740,99462.0,99462.0,1.9803590170639047
1970-01-01 00:00:01.767157920,99462.0,99462.0,1.9803590170639047
1970-01-01 00:00:01.767158100,99462.0,99462.0,1.9803590170639047
1970-01-01 00:00:01.767158280,99462.0,99462.0,1.9803590170639047
1970-01-01 00:00:01.767158460,99462.0,99462.0,1.9803590170639047
1970-01-01 00:00:01.767158640,99462.0,99462.0,1.9803590170639047
1970-01-01 00:00:01.767158820,99462.0,99462.0,1.9803590170639047
1970-01-01 00:00:01.767159000,99462.0,99462.0,1.9803590170639047
1970-01-01 00:00:01.767159180,99462.0,99462.0,1.9803590170639047
1970-01-01 00:00:01.767159360,99462.0,99462.0,1.9803590170639047
1970-01-01 00:00:01.767159540,99462.0,99462.0,1.9803590170639047
1970-01-01 00:00:01.767159720,99462.0,99462.0,1.9803590170639047
1970-01-01 00:00:01.767159900,99462.0,99462.0,1.9803590170639047
1970-01-01 00:00:01.767160080,99462.0,99462.0,1.9803590170639047
1970-01-01 00:00:01.767160260,99462.0,99462.0,1.9803590170639047
1970-01-01 00:00:01.767160440,99462.0,99462.0,1.9803590170639047
1970-01-01 00:00:01.767160620,99462.0,99462.0,1.9803590170639047
1970-01-01 00:00:01.767160800,99462.0,99462.0,1.9803590170639047
1970-01-01 00:00:01.767160980,99455.0,90584.0,1.9872575058021216
1970-01-01 00:00:01.767161160,99679.5,90584.0,1.7660131169835867
1970-01-01 00:00:01.767161340,99827.5,90584.0,1.6201593550898528
1970-01-01 00:00:01.767161520,99900.5,90584.0,1.5482179725341598
1970-01-01 00:00:01.767161700,99758.5,90584.0,1.6881587440808503
1970-01-01 00:00:01.767161880,100073.5,90584.0,1.377726750861079
1970-01-01 00:00:01.767162060,100184.5,90584.0,1.2683364294407788
1970-01-01 00:00:01.767162240,100025.0,90584.0,1.4255234228330123
1970-01-01 00:00:01.767162420,99955.5,90584.0,1.4940155610195966
1970-01-01 00:00:01.767162600,99932.5,90584.0,1.5166820240165957
1970-01-01 00:00:01.767162780,99991.5,90584.0,1.458537618937337
1970-01-01 00:00:01.767162960,100280.0,90584.0,1.1742213330836737
1970-01-01 00:00:01.767163140,100332.0,90584.0,1.122975416742632
1970-01-01 00:00:01.767163320,100471.0,90584.0,0.9859911403694634
1970-01-01 00:00:01.767163500,100337.5,90584.0,1.117555175591176
1970-01-01 00:00:01.767163680,100483.5,90584.0,0.9736724104797898
1970-01-01 00:00:01.767163860,100471.0,90584.0,0.9859911403694634
1970-01-01 00:00:01.767164040,100521.0,90584.0,0.9367162208107696
1970-01-01 00:00:01.767164220,100638.0,90584.0,0.821412909043426
1970-01-01 00:00:01.767164400,100765.5,90584.0,0.6957618641687567
1970-01-01 00:00:01.767164580,101005.0,90584.0,0.45973499948261337
1970-01-01 00:00:01.767164760,101084.0,90584.0,0.3818806265798771
1970-01-01 00:00:01.767164940,101207.5,90584.0,0.26017157526990337
1970-01-01 00:00:01.767165120,101410.5,90584.0,0.060115401861606466
1970-01-01 00:00:01.767165300,101703.5,90584.0,0.0
1970-01-01 00:00:01.767165480,101759.5,90584.0,0.0
1970-01-01 00:00:01.767165660,102056.5,90584.0,0.0
1970-01-01 00:00:01.767165840,102174.5,90584.0,0.0
1970-01-01 00:00:01.767166020,102144.0,90584.0,0.029850892345937588
1970-01-01 00:00:01.767166200,102148.5,90584.0,0.025446662327684503
1970-01-01 00:00:01.767166380,102101.5,90584.0,0.07144639807388341
1970-01-01 00:00:01.767166560,102103.0,90584.0,0.06997832140113237
1970-01-01 00:00:01.767166740,102198.5,90584.0,0.0
1970-01-01 00:00:01.767166920,102391.0,90584.0,0.0
1970-01-01 00:00:01.767167100,102104.5,90584.0,0.27980974890371224
1970-01-01 00:00:01.767167280,102296.0,90584.0,0.09278159213212099
1970-01-01 00:00:01.767167460,102420.0,90584.0,0.0
1970-01-01 00:00:01.767167640,102363.5,90584.0,0.05516500683460262
1970-01-01 00:00:01.767167820,102417.0,90584.0,0.0029291154071470417
1970-01-01 00:00:01.767168000,102560.5,90584.0,0.0
1970-01-01 00:00:01.767168180,102236.5,90584.0,0.3159110963772603
1970-01-01 00:00:01.767168360,101883.5,90584.0,0.6600981859487814
1970-01-01 00:00:01.767168540,102165.0,90584.0,0.38562604511483467
1970-01-01 00:00:01.767168720,102197.0,90584.0,0.3544249491763398
1970-01-01 00:00:01.767168900,102435.5,90584.0,0.12187928100974546
1970-01-01 00:00:01.767169080,102477.0,90584.0,0.08141535971450997
1970-01-01 00:00:01.767169260,102512.5,90584.0,0.04680164390774226
1970-01-01 00:00:01.767169440,102603.5,90584.0,0.0
1970-01-01 00:00:01.767169620,102779.5,90584.0,0.0
1970-01-01 00:00:01.767169800,102492.5,90584.0,0.27923856411054737
1970-01-01 00:00:01.767169980,102742.0,90584.0,0.03648587510155235
1970-01-01 00:00:01.767170160,102725.0,90584.0,0.05302613848092275
1970-01-01 00:00:01.767170340,102725.0,90584.0,0.05302613848092275
1970-01-01 00:00:01.767170520,102751.5,90584.0,0.02724278674249242
1970-01-01 00:00:01.767170700,102529.5,90584.0,0.24323916734368237
1970-01-01 00:00:01.767170880,102537.0,90584.0,0.23594199232337187
1970-01-01 00:00:01.767171060,102094.0,90584.0,0.666961796856377
1970-01-01 00:00:01.767171240,102472.5,90584.0,0.2986976974980419
1970-01-01 00:00:01.767171420,102541.5,90584.0,0.2315636873111856
1970-01-01 00:00:01.767171600,102558.5,90584.0,0.2150234239318152
1970-01-01 00:00:01.767171780,102613.0,90584.0,0.16199728545089245
1970-01-01 00:00:01.767171960,102824.5,90584.0,0.0
1970-01-01 00:00:01.767172140,103016.5,90584.0,0.0
1970-01-01 00:00:01.767172320,103288.0,90584.0,0.0
1970-01-01 00:00:01.767172500,103251.0,90584.0,0.035822167144295564
1970-01-01 00:00:01.767172680,103154.0,90584.0,0.12973433506312446
1970-01-01 00:00:01.767172860,102956.5,90584.0,0.3209472542792967
1970-01-01 00:00:01.767173040,103109.5,90584.0,0.1728177523042367
1970-01-01 00:00:01.767173220,103030.5,90584.0,0.2493029199907056
1970-01-01 00:00:01.767173400,101967.0,93603.0,1.278948183719309
1970-01-01 00:00:01.767173580,102147.5,93603.0,1.1041940980559213
1970-01-01 00:00:01.767173760,102176.0,93603.0,1.0766013476880179
1970-01-01 00:00:01.767173940,102495.5,93603.0,0.7672720935636279
1970-01-01 00:00:01.767174120,102439.5,93603.0,0.821489427619859
1970-01-01 00:00:01.767174300,102202.5,93603.0,1.0509449306792658
1970-01-01 00:00:01.767174480,102425.5,93603.0,0.8350437611339169
1970-01-01 00:00:01.767174660,102320.5,93603.0,0.9367012624893503
1970-01-01 00:00:01.767174840,102252.5,93603.0,1.002536596700488
1970-01-01 00:00:01.767175020,101967.0,93603.0,1.278948183719309
1970-01-01 00:00:01.767239100,100841.0,100841.0,2.3691038649213847
1970-01-01 00:00:01.767239280,100841.0,100841.0,2.3691038649213847
1970-01-01 00:00:01.767239460,100841.0,100841.0,2.3691038649213847
1970-01-01 00:00:01.767239640,100841.0,100841.0,2.3691038649213847
1970-01-01 00:00:01.767239820,100834.0,92280.0,2.375881031678414
1970-01-01 00:00:01.767240000,100533.5,92280.0,2.666815118890868
1970-01-01 00:00:01.767240180,100757.0,92280.0,2.4504298660057313
1970-01-01 00:00:01.767240360,100345.0,92280.0,2.8493145379908604
1970-01-01 00:00:01.767240540,100579.0,92280.0,2.6227635349701806
1970-01-01 00:00:01.767240720,100692.0,92280.0,2.5133607001781426
1970-01-01 00:00:01.767240900,100435.0,92280.0,2.7621795368290605
1970-01-01 00:00:01.767241080,100945.0,92280.0,2.2684145302455274
1970-01-01 00:00:01.767241260,100847.5,92280.0,2.3628107815041437
1970-01-01 00:00:01.767241440,100774.5,92280.0,2.4334869491131594
1970-01-01 00:00:01.767241620,100098.5,92280.0,3.087967624506235
1970-01-01 00:00:01.767241800,100391.0,92280.0,2.804778870730385
1970-01-01 00:00:01.767241980,100429.0,92280.0,2.767988536906514
1970-01-01 00:00:01.767242160,100517.5,92280.0,2.6823057857640773
1970-01-01 00:00:01.767242340,100022.5,91968.0,3.1615482921539777
1970-01-01 00:00:01.767242520,100105.5,91968.0,3.0811904577492064
1970-01-01 00:00:01.767242700,100405.5,91968.0,2.7907404538765395
1970-01-01 00:00:01.767242880,100650.0,91968.0,2.554023700720316
1970-01-01 00:00:01.767243060,100708.0,91968.0,2.4978700333049337
1970-01-01 00:00:01.767243240,100163.5,91968.0,3.0250367903338238
1970-01-01 00:00:01.767243420,99956.5,91968.0,3.225447293005964
1970-01-01 00:00:01.767243600,99892.5,91968.0,3.2874099604987994
1970-01-01 00:00:01.767243780,99596.0,99596.0,3.574471380992952
1970-01-01 00:00:01.767243960,99596.0,99596.0,3.574471380992952
1970-01-01 00:00:01.767244140,99596.0,99596.0,3.574471380992952
1970-01-01 00:00:01.767244320,99596.0,99596.0,3.574471380992952
1970-01-01 00:00:01.767244500,99596.0,99596.0,3.574471380992952
1970-01-01 00:00:01.767244680,99596.0,99596.0,3.574471380992952
1970-01-01 00:00:01.767244860,99596.0,99596.0,3.574471380992952
1970-01-01 00:00:01.767245040,99596.0,99596.0,3.574471380992952
1970-01-01 00:00:01.767245220,99596.0,99596.0,3.574471380992952
1970-01-01 00:00:01.767245400,99596.0,99596.0,3.574471380992952
1970-01-01 00:00:01.767245580,99596.0,99596.0,3.574471380992952
1970-01-01 00:00:01.767245760,99596.0,99596.0,3.574471380992952
1970-01-01 00:00:01.767245940,99596.0,99596.0,3.574471380992952
1970-01-01 00:00:01.767246120,99589.0,90186.5,3.581248547749981
1970-01-01 00:00:01.767246300,99379.0,90186.5,3.7845635504608475
1970-01-01 00:00:01.767246480,99529.0,90186.5,3.639338548524514
1970-01-01 00:00:01.767246660,99461.0,90186.5,3.705173882735652
1970-01-01 00:00:01.767246840,99587.5,90186.5,3.582700797769344
1970-01-01 00:00:01.767247020,99463.5,90186.5,3.702753466036713
1970-01-01 00:00:01.767247200,99385.5,90186.5,3.778270467043606
1970-01-01 00:00:01.767247380,99275.0,90186.5,3.885252885136705
1970-01-01 00:00:01.767247560,99422.5,90186.5,3.7424482998993107
1970-01-01 00:00:01.767247740,99245.0,90186.5,3.9142978855239723
1970-01-01 00:00:01.767247920,98917.5,90186.5,4.231372473084966
1970-01-01 00:00:01.767248100,98790.5,90186.5,4.354329641391062
1970-01-01 00:00:01.767248280,98751.0,90186.5,4.3925722252342965
1970-01-01 00:00:01.767248460,98724.5,90186.5,4.418228642243049
1970-01-01 00:00:01.767248640,98906.0,90186.5,4.242506389900085
1970-01-01 00:00:01.767248820,99083.5,90186.5,4.0706568042754245
1970-01-01 00:00:01.767249000,99135.5,90186.5,4.020312136937495
1970-01-01 00:00:01.767249180,98758.5,90186.5,4.38531097513748
1970-01-01 00:00:01.767249360,98400.0,98400.0,4.7323987297653165
1970-01-01 00:00:01.767249540,98400.0,98400.0,4.7323987297653165
1970-01-01 00:00:01.767249720,98400.0,98400.0,4.7323987297653165
1970-01-01 00:00:01.767249900,98400.0,98400.0,4.7323987297653165
1970-01-01 00:00:01.767250080,98400.0,98400.0,4.7323987297653165
1970-01-01 00:00:01.767250260,98400.0,98400.0,4.7323987297653165
1970-01-01 00:00:01.767250440,98400.0,98400.0,4.7323987297653165
1970-01-01 00:00:01.767250620,98400.0,98400.0,4.7323987297653165
1970-01-01 00:00:01.767250800,98400.0,98400.0,4.7323987297653165
1970-01-01 00:00:01.767250980,98400.0,98400.0,4.7323987297653165
1970-01-01 00:00:01.767251160,98393.0,89914.5,4.739175896522346
1970-01-01 00:00:01.767251340,98579.0,89914.5,4.559096894121292
1970-01-01 00:00:01.767251520,98267.5,89914.5,4.860680814809077
1970-01-01 00:00:01.767251700,97916.5,89914.5,5.2005073193400975
1970-01-01 00:00:01.767251880,98002.5,89914.5,5.117244984896599
1970-01-01 00:00:01.767252060,98113.5,89914.5,5.009778483463713
1970-01-01 00:00:01.767252240,98009.5,89914.5,5.110467818139571
1970-01-01 00:00:01.767252420,98041.0,89914.5,5.079970567732941
1970-01-01 00:00:01.767252600,98071.0,89914.5,5.050925567345675
1970-01-01 00:00:01.767252780,98058.0,89914.5,5.063511734180157
1970-01-01 00:00:01.767252960,97987.0,89914.5,5.1322515684300205
1970-01-01 00:00:01.767253140,98059.0,89914.5,5.062543567500581
1970-01-01 00:00:01.767253320,98044.5,89914.5,5.076581984354426
1970-01-01 00:00:01.767253500,97813.0,89914.5,5.3007125706761675
1970-01-01 00:00:01.767253680,97902.0,89914.5,5.2145457361939425
1970-01-01 00:00:01.767253860,98444.0,89914.5,4.689799395863991
1970-01-01 00:00:01.767254040,98330.0,89914.5,4.800170397335606
1970-01-01 00:00:01.767254220,97972.5,89914.5,5.146289985283866
1970-01-01 00:00:01.767254400,97969.0,89914.5,5.149678568662381
1970-01-01 00:00:01.767254580,98081.0,89914.5,5.041243900549919
1970-01-01 00:00:01.767254760,98223.0,89914.5,4.9037642320501895
1970-01-01 00:00:01.767254940,98246.5,89914.5,4.881012315080164
1970-01-01 00:00:01.767255120,98157.5,89914.5,4.967179149562389
1970-01-01 00:00:01.767255300,98235.5,89914.5,4.891662148555495
1970-01-01 00:00:01.767255480,98115.0,89914.5,5.0083262334443495
1970-01-01 00:00:01.767255660,97899.5,89914.5,5.216966152892883
1970-01-01 00:00:01.767255840,97890.0,89914.5,5.22616373634885
1970-01-01 00:00:01.767256020,97902.0,89914.5,5.2145457361939425
1970-01-01 00:00:01.767256200,97851.0,89914.5,5.263922236852296
1970-01-01 00:00:01.767256380,97745.5,89914.5,5.366063821547518
1970-01-01 00:00:01.767256560,97647.0,97647.0,5.46142823948571
1970-01-01 00:00:01.767256740,97647.0,97647.0,5.46142823948571
1970-01-01 00:00:01.767256920,97647.0,97647.0,5.46142823948571
1970-01-01 00:00:01.767257100,97647.0,97647.0,5.46142823948571
1970-01-01 00:00:01.767257280,97647.0,97647.0,5.46142823948571
1970-01-01 00:00:01.767257460,97640.0,89668.0,5.468205406242739
1970-01-01 00:00:01.767257640,97683.0,89668.0,5.42657423902099
1970-01-01 00:00:01.767257820,97775.0,89668.0,5.337502904500039
1970-01-01 00:00:01.767258000,97781.5,89668.0,5.331209821082798
1970-01-01 00:00:01.767258180,97557.0,89668.0,5.54856324064751
1970-01-01 00:00:01.767258360,97557.0,89668.0,5.54856324064751
1970-01-01 00:00:01.767258540,97603.0,89668.0,5.5040275733870345
1970-01-01 00:00:01.767258720,97602.0,89668.0,5.50499574006661
1970-01-01 00:00:01.767258900,97649.5,89668.0,5.459007822786771
1970-01-01 00:00:01.767259080,97767.0,89668.0,5.345248237936643
1970-01-01 00:00:01.767259260,97518.0,89668.0,5.5863217411509565
1970-01-01 00:00:01.767259440,97611.5,89668.0,5.495798156610642
1970-01-01 00:00:01.767259620,97584.0,89668.0,5.522422740298969
1970-01-01 00:00:01.767259800,97845.5,89668.0,5.269247153589962
1970-01-01 00:00:01.767259980,97621.0,89668.0,5.486600573154674
1970-01-01 00:00:01.767260160,97458.0,89668.0,5.64441174192549
1970-01-01 00:00:01.767260340,98035.5,89668.0,5.085295484470607
1970-01-01 00:00:01.767260520,98007.5,89668.0,5.112404151498722
1970-01-01 00:00:01.767260700,98407.0,89668.0,4.725621563008287
1970-01-01 00:00:01.767260880,98043.0,89668.0,5.078034234373789
1970-01-01 00:00:01.767261060,98038.0,89668.0,5.082875067771667
1970-01-01 00:00:01.767261240,98155.0,89668.0,4.969599566261327
1970-01-01 00:00:01.767261420,98071.0,89668.0,5.050925567345675
1970-01-01 00:00:01.767325500,97294.0,87846.0,5.803191077375882
1970-01-01 00:00:01.767325680,97630.5,87846.0,5.477402989698707
1970-01-01 00:00:01.767325860,98031.5,87846.0,5.089168151188908
1970-01-01 00:00:01.767326040,97703.5,87846.0,5.4067268220896905
1970-01-01 00:00:01.767326220,98288.0,87846.0,4.840833397877779
1970-01-01 00:00:01.767326400,98460.0,87846.0,4.674308728990783
1970-01-01 00:00:01.767326580,98031.5,87846.0,5.089168151188908
1970-01-01 00:00:01.767326760,98134.5,87846.0,4.989446983192627
1970-01-01 00:00:01.767326940,98922.0,87846.0,4.227015723026876
1970-01-01 00:00:01.767327120,99463.5,87846.0,3.702753466036713
1970-01-01 00:00:01.767327300,99572.5,87846.0,3.5972232979629775
1970-01-01 00:00:01.767327480,99752.0,87846.0,3.423437378979165
1970-01-01 00:00:01.767327660,99911.0,87846.0,3.2694988769266518
1970-01-01 00:00:01.767327840,99979.0,87846.0,3.203663542715514
1970-01-01 00:00:01.767328020,99663.0,87846.0,3.50960421346139
1970-01-01 00:00:01.767328200,99781.0,87846.0,3.395360545271474
1970-01-01 00:00:01.767328380,99537.5,87846.0,3.6311091317481217
1970-01-01 00:00:01.767328560,99329.0,87846.0,3.832971884439625
1970-01-01 00:00:01.767328740,99288.0,87846.0,3.8726667183022228
1970-01-01 00:00:01.767328920,99664.5,87846.0,3.5081519634420264
1970-01-01 00:00:01.767329100,99779.5,87846.0,3.396812795290837
1970-01-01 00:00:01.767329280,99637.0,87846.0,3.5347765471303543
1970-01-01 00:00:01.767329460,99451.0,87846.0,3.7148555495314075
1970-01-01 00:00:01.767329640,99533.0,87846.0,3.6354658818062116
1970-01-01 00:00:01.767329820,99434.5,87846.0,3.730830299744404
1970-01-01 00:00:01.767330000,99198.0,87846.0,3.9598017194640227
1970-01-01 00:00:01.767330180,99378.5,87846.0,3.785047633800635
1970-01-01 00:00:01.767330360,99495.0,87846.0,3.6722562156300826
1970-01-01 00:00:01.767330540,99739.5,87846.0,3.435539462473859
1970-01-01 00:00:01.767330720,99634.0,87846.0,3.5376810471690807
1970-01-01 00:00:01.767330900,99895.5,87846.0,3.284505460460073
1970-01-01 00:00:01.767331080,99977.5,87846.0,3.205115792734877
1970-01-01 00:00:01.767331260,99819.5,87846.0,3.358086128107815
1970-01-01 00:00:01.767331440,99695.0,87846.0,3.4786228797149716
1970-01-01 00:00:01.767331620,99932.5,87846.0,3.248683293315777
1970-01-01 00:00:01.767331800,99719.5,87846.0,3.4549027960653707
1970-01-01 00:00:01.767331980,99776.5,87846.0,3.399717295329564
1970-01-01 00:00:01.767332160,99544.0,87846.0,3.6248160483308802
1970-01-01 00:00:01.767332340,99398.0,87846.0,3.7661683835489117
1970-01-01 00:00:01.767332520,99646.0,87846.0,3.526063047014174
1970-01-01 00:00:01.767332700,99807.5,87846.0,3.369704128262722
1970-01-01 00:00:01.767332880,99917.0,87846.0,3.2636898768491984
1970-01-01 00:00:01.767333060,100007.0,87846.0,3.1765548756873985
1970-01-01 00:00:01.767333240,100021.0,87846.0,3.1630005421733407
1970-01-01 00:00:01.767333420,100241.5,87846.0,2.9495197893269305
1970-01-01 00:00:01.767333600,100356.5,87846.0,2.8381806211757414
1970-01-01 00:00:01.767333780,100509.0,87846.0,2.6905352025404694
1970-01-01 00:00:01.767333960,100536.0,87846.0,2.664394702191929
1970-01-01 00:00:01.767334140,100539.0,87846.0,2.6614902021532028
1970-01-01 00:00:01.767334320,100630.0,87846.0,2.573387034311827
1970-01-01 00:00:01.767334500,100593.5,87846.0,2.608725118116335
1970-01-01 00:00:01.767334680,100707.0,87846.0,2.498838199984509
1970-01-01 00:00:01.767334860,100874.5,87846.0,2.336670281155604
1970-01-01 00:00:01.767335040,100726.5,87846.0,2.479958949732786
1970-01-01 00:00:01.767335220,100455.0,87846.0,2.7428162032375494
1970-01-01 00:00:01.767335400,100325.0,87846.0,2.8686778715823715
1970-01-01 00:00:01.767335580,100723.0,87846.0,2.4833475331113006
1970-01-01 00:00:01.767335760,100757.0,87846.0,2.4504298660057313
1970-01-01 00:00:01.767335940,100750.5,87846.0,2.4567229494229728
1970-01-01 00:00:01.767336120,100697.5,87846.0,2.5080357834404774
1970-01-01 00:00:01.767336300,100548.5,87846.0,2.652292618697235
1970-01-01 00:00:01.767336480,100531.0,87846.0,2.669235535589807
1970-01-01 00:00:01.767336660,100911.5,87846.0,2.300848114011308
1970-01-01 00:00:01.767336840,100936.0,87846.0,2.277128030361707
1970-01-01 00:00:01.767337020,101028.5,87846.0,2.187572612500968
1970-01-01 00:00:01.767337200,101216.0,87846.0,2.006041360080552
1970-01-01 00:00:01.767337380,101463.0,87846.0,1.7669041902253892
1970-01-01 00:00:01.767337560,101260.5,87846.0,1.9629579428394395
1970-01-01 00:00:01.767337740,101234.0,87846.0,1.9886143598481916
1970-01-01 00:00:01.767337920,101198.0,87846.0,2.0234683603129118
1970-01-01 00:00:01.767338100,101072.5,87846.0,2.1449732785996436
1970-01-01 00:00:01.767338280,100844.0,87846.0,2.3661993648826583
1970-01-01 00:00:01.767338460,100806.5,87846.0,2.4025056153667417
1970-01-01 00:00:01.767338640,100911.5,87846.0,2.300848114011308
1970-01-01 00:00:01.767338820,100958.5,87846.0,2.255344280071257
1970-01-01 00:00:01.767339000,100879.5,87846.0,2.331829447757726
1970-01-01 00:00:01.767339180,101124.5,87846.0,2.094628611261715
1970-01-01 00:00:01.767339360,101035.0,87846.0,2.181279529083727
1970-01-01 00:00:01.767339540,101177.0,87846.0,2.043799860583998
1970-01-01 00:00:01.767339720,101188.5,87846.0,2.032665943768879
1970-01-01 00:00:01.767339900,101200.0,87846.0,2.02153202695376
1970-01-01 00:00:01.767340080,101255.5,87846.0,1.9677987762373168
1970-01-01 00:00:01.767340260,101455.0,87846.0,1.7746495236619937
1970-01-01 00:00:01.767340440,101295.0,87846.0,1.9295561923940825
1970-01-01 00:00:01.767340620,101180.0,87846.0,2.0408953605452718
1970-01-01 00:00:01.767340800,101216.0,87846.0,2.006041360080552
1970-01-01 00:00:01.767340980,101390.5,87846.0,1.8370962744946169
1970-01-01 00:00:01.767341160,101239.0,87846.0,1.9837735264503138
1970-01-01 00:00:01.767341340,101155.5,87846.0,2.0646154441948728
1970-01-01 00:00:01.767341520,101249.0,87846.0,1.974091859654558
1970-01-01 00:00:01.767341700,101180.0,87846.0,2.0408953605452718
1970-01-01 00:00:01.767341880,101146.0,87846.0,2.07381302765084
1970-01-01 00:00:01.767342060,101428.5,87846.0,1.8003059406707458
1970-01-01 00:00:01.767342240,101221.0,87846.0,2.001200526682674
1970-01-01 00:00:01.767342420,101036.5,87846.0,2.1798272790643636
1970-01-01 00:00:01.767342600,101110.0,87846.0,2.1086670281155606
1970-01-01 00:00:01.767342780,101098.5,87846.0,2.119800944930679
1970-01-01 00:00:01.767342960,101180.0,87846.0,2.0408953605452718
1970-01-01 00:00:01.767343140,101241.0,87846.0,1.9818371930911627
1970-01-01 00:00:01.767343320,101190.0,87846.0,2.0312136937495158
1970-01-01 00:00:01.767343500,101334.5,87846.0,1.8913136085508482
1970-01-01 00:00:01.767343680,101286.5,87846.0,1.9377856091704746
1970-01-01 00:00:01.767343860,101479.5,87846.0,1.7509294400123925
1970-01-01 00:00:01.767344040,101503.0,87846.0,1.7281775230423668
1970-01-01 00:00:01.767344220,101337.5,87846.0,1.8884091085121215
1970-01-01 00:00:01.767344400,100712.0,87846.0,2.4939973665866315
1970-01-01 00:00:01.767344580,100504.0,87846.0,2.695376035938347
1970-01-01 00:00:01.767344760,100350.5,87846.0,2.8439896212531948
1970-01-01 00:00:01.767344940,100295.0,87846.0,2.897722871969638
1970-01-01 00:00:01.767345120,100196.0,87846.0,2.9935713732476184
1970-01-01 00:00:01.767345300,100073.5,100073.5,3.1121717914956237
1970-01-01 00:00:01.767345480,100066.5,91712.5,3.118948958252653
1970-01-01 00:00:01.767345660,100235.0,91712.5,2.955812872744172
1970-01-01 00:00:01.767345840,100328.0,91712.5,2.865773371543645
1970-01-01 00:00:01.767346020,100479.0,91712.5,2.719580202927736
1970-01-01 00:00:01.767346200,100929.5,91712.5,2.283421113778948
1970-01-01 00:00:01.767346380,100998.0,91712.5,2.217101696228023
1970-01-01 00:00:01.767346560,101108.5,91712.5,2.1101192781349236
1970-01-01 00:00:01.767346740,101436.0,91712.5,1.7930446905739292
1970-01-01 00:00:01.767346920,101280.0,91712.5,1.9440786925877158
1970-01-01 00:00:01.767347100,101264.0,91712.5,1.9595693594609247
1970-01-01 00:00:01.767347280,101264.0,91712.5,1.9595693594609247
1970-01-01 00:00:01.767347460,101487.5,91712.5,1.7431841065757883
1970-01-01 00:00:01.767347640,101607.0,91712.5,1.627488188366509
1970-01-01 00:00:01.767347820,101578.0,91712.5,1.6555650220742002
1970-01-01 00:00:01.767584700,101416.5,91712.5,1.8119239408256524
1970-01-01 00:00:01.767584880,101257.0,91712.5,1.9663465262179536
1970-01-01 00:00:01.767585060,100761.5,91712.5,2.4460731159476414
1970-01-01 00:00:01.767585240,101105.5,91712.5,2.1130237781736505
1970-01-01 00:00:01.767585420,100668.0,91712.5,2.5365967004879564
1970-01-01 00:00:01.767585600,100215.0,100215.0,2.9751762063356826
1970-01-01 00:00:01.767585780,100215.0,100215.0,2.9751762063356826
1970-01-01 00:00:01.767585960,100215.0,100215.0,2.9751762063356826
1970-01-01 00:00:01.767586140,100215.0,100215.0,2.9751762063356826
1970-01-01 00:00:01.767586320,100215.0,100215.0,2.9751762063356826
1970-01-01 00:00:01.767586500,100215.0,100215.0,2.9751762063356826
1970-01-01 00:00:01.767586680,100208.0,91041.0,2.9819533730927117
1970-01-01 00:00:01.767586860,99981.0,91041.0,3.201727209356363
1970-01-01 00:00:01.767587040,100556.0,91041.0,2.6450313686004185
1970-01-01 00:00:01.767587220,100398.0,91041.0,2.798001703973356
1970-01-01 00:00:01.767587400,100003.0,91041.0,3.1804275424057007
1970-01-01 00:00:01.767587580,99936.0,91041.0,3.245294709937263
1970-01-01 00:00:01.767587760,100779.5,91041.0,2.4286461157152814
1970-01-01 00:00:01.767587940,100883.0,91041.0,2.328440864379212
1970-01-01 00:00:01.767588120,101001.5,91041.0,2.213713112849508
1970-01-01 00:00:01.767588300,101232.5,91041.0,1.9900666098675548
1970-01-01 00:00:01.767588480,101448.0,91041.0,1.7814266904190226
1970-01-01 00:00:01.767588660,101607.5,91041.0,1.6270041050267212
1970-01-01 00:00:01.767588840,101765.5,91041.0,1.4740337696537835
1970-01-01 00:00:01.767589020,101432.5,91041.0,1.7964332739524438
1970-01-01 00:00:01.767589200,101470.5,91041.0,1.7596429401285723
1970-01-01 00:00:01.767589380,101363.0,91041.0,1.8637208581829448
1970-01-01 00:00:01.767589560,101453.5,91041.0,1.776101773681357
1970-01-01 00:00:01.767589740,101146.0,91041.0,2.07381302765084
1970-01-01 00:00:01.767589920,101259.0,91041.0,1.9644101928588027
1970-01-01 00:00:01.767590100,101162.5,91041.0,2.0578382774378436
1970-01-01 00:00:01.767590280,101369.0,91041.0,1.8579118581054914
1970-01-01 00:00:01.767590460,101529.0,91041.0,1.7030051893734026
1970-01-01 00:00:01.767590640,101449.5,91041.0,1.7799744403996591
1970-01-01 00:00:01.767590820,101292.5,91041.0,1.9319766090930213
1970-01-01 00:00:01.767591000,101690.5,91041.0,1.5466462706219504
1970-01-01 00:00:01.767591180,101594.5,91041.0,1.6395902718612034
1970-01-01 00:00:01.767591360,101419.5,91041.0,1.809019440786926
1970-01-01 00:00:01.767591540,101489.0,91041.0,1.7417318565564246
1970-01-01 00:00:01.767591720,101566.0,91041.0,1.6671830222291069
1970-01-01 00:00:01.767591900,101328.0,91041.0,1.8976066919680894
1970-01-01 00:00:01.767592080,101175.0,91041.0,2.0457361939431493
1970-01-01 00:00:01.767592260,100543.5,100543.5,2.657133452095113
1970-01-01 00:00:01.767592440,100543.5,100543.5,2.657133452095113
1970-01-01 00:00:01.767592620,100543.5,100543.5,2.657133452095113
1970-01-01 00:00:01.767592800,100543.5,100543.5,2.657133452095113
1970-01-01 00:00:01.767592980,100543.5,100543.5,2.657133452095113
1970-01-01 00:00:01.767593160,100543.5,100543.5,2.657133452095113
1970-01-01 00:00:01.767593340,100536.5,92062.5,2.6639106188521415
1970-01-01 00:00:01.767593520,100705.0,92062.5,2.5007745333436606
1970-01-01 00:00:01.767593700,100657.0,92062.5,2.547246533963287
1970-01-01 00:00:01.767593880,100688.5,92062.5,2.516749283556657
1970-01-01 00:00:01.767594060,100361.5,92062.5,2.833339787777864
1970-01-01 00:00:01.767594240,100411.0,92062.5,2.785415537138874
1970-01-01 00:00:01.767594420,100538.0,92062.5,2.6624583688327785
1970-01-01 00:00:01.767594600,100161.0,92062.5,3.027457207032763
1970-01-01 00:00:01.767594780,100230.5,92062.5,2.9601696228022614
1970-01-01 00:00:01.767594960,100233.0,92062.5,2.9577492061033226
1970-01-01 00:00:01.767595140,100304.0,92062.5,2.8890093718534584
1970-01-01 00:00:01.767595320,100566.5,92062.5,2.634865618464875
1970-01-01 00:00:01.767595500,100648.0,92062.5,2.555960034079467
1970-01-01 00:00:01.767595680,100764.5,92062.5,2.443168615908915
1970-01-01 00:00:01.767595860,100548.0,92062.5,2.6527767020370225
1970-01-01 00:00:01.767596040,100580.5,92062.5,2.621311284950817
1970-01-01 00:00:01.767596220,100571.5,92062.5,2.630024785066997
1970-01-01 00:00:01.767596400,100605.5,92062.5,2.5971071179614285
1970-01-01 00:00:01.767596580,100584.0,92062.5,2.6179227015723026
1970-01-01 00:00:01.767596760,100775.0,92062.5,2.4330028657733713
1970-01-01 00:00:01.767596940,100634.5,92062.5,2.569030284253737
1970-01-01 00:00:01.767597120,100563.0,92062.5,2.6382542018433894
1970-01-01 00:00:01.767597300,100442.0,92062.5,2.7554023700720314
1970-01-01 00:00:01.767597480,100719.0,92062.5,2.4872201998296024
1970-01-01 00:00:01.767597660,100736.5,92062.5,2.47027728293703
1970-01-01 00:00:01.767597840,100823.0,92062.5,2.3865308651537447
1970-01-01 00:00:01.767598020,100571.5,92062.5,2.630024785066997
1970-01-01 00:00:01.767598200,100508.0,92062.5,2.6915033692200447
1970-01-01 00:00:01.767598380,100431.0,92062.5,2.7660522035473627
1970-01-01 00:00:01.767598560,100342.0,92062.5,2.852219038029587
1970-01-01 00:00:01.767598740,100133.0,92062.5,3.054565874060878
1970-01-01 00:00:01.767598920,99968.5,92062.5,3.2138292928510572
1970-01-01 00:00:01.767599100,99666.0,99666.0,3.5066997134226625
1970-01-01 00:00:01.767599280,99666.0,99666.0,3.5066997134226625
1970-01-01 00:00:01.767599460,99666.0,99666.0,3.5066997134226625
1970-01-01 00:00:01.767599640,99666.0,99666.0,3.5066997134226625
1970-01-01 00:00:01.767599820,99666.0,99666.0,3.5066997134226625
1970-01-01 00:00:01.767600000,99666.0,99666.0,3.5066997134226625
1970-01-01 00:00:01.767600180,99666.0,99666.0,3.5066997134226625
1970-01-01 00:00:01.767600360,99666.0,99666.0,3.5066997134226625
1970-01-01 00:00:01.767600540,99666.0,99666.0,3.5066997134226625
1970-01-01 00:00:01.767600720,99666.0,99666.0,3.5066997134226625
1970-01-01 00:00:01.767600900,99659.0,91130.0,3.5134768801796916
1970-01-01 00:00:01.767601080,100327.0,91130.0,2.8667415382232204
1970-01-01 00:00:01.767601260,100340.0,91130.0,2.8541553713887384
1970-01-01 00:00:01.767601440,100365.0,91130.0,2.8299512043993493
1970-01-01 00:00:01.767601620,100540.5,91130.0,2.6600379521338393
1970-01-01 00:00:01.767601800,101050.5,91130.0,2.1662729455503063
1970-01-01 00:00:01.767601980,101668.5,91130.0,1.5679459375726124
1970-01-01 00:00:01.767602160,101427.0,91130.0,1.8017581906901095
1970-01-01 00:00:01.767602340,101239.5,91130.0,1.983289443110526
1970-01-01 00:00:01.767602520,101238.0,91130.0,1.9847416931298891
1970-01-01 00:00:01.767602700,101215.0,91130.0,2.007009526760127
1970-01-01 00:00:01.767602880,101425.5,91130.0,1.8032104407094727
1970-01-01 00:00:01.767603060,101333.5,91130.0,1.8922817752304237
1970-01-01 00:00:01.767603240,101117.5,91130.0,2.101405778018744
1970-01-01 00:00:01.767603420,101224.5,91130.0,1.9978119433041592
1970-01-01 00:00:01.767603600,100796.0,91130.0,2.412671365502285
1970-01-01 00:00:01.767603780,100764.0,91130.0,2.4436526992487027
1970-01-01 00:00:01.767603960,100977.0,91130.0,2.237433196499109
1970-01-01 00:00:01.767604140,100646.5,91130.0,2.5574122840988305
1970-01-01 00:00:01.767604320,100414.0,100414.0,2.7825110371001474
1970-01-01 00:00:01.767604500,100414.0,100414.0,2.7825110371001474
1970-01-01 00:00:01.767604680,100414.0,100414.0,2.7825110371001474
1970-01-01 00:00:01.767604860,100414.0,100414.0,2.7825110371001474
1970-01-01 00:00:01.767605040,100414.0,100414.0,2.7825110371001474
1970-01-01 00:00:01.767605220,100414.0,100414.0,2.7825110371001474
1970-01-01 00:00:01.767605400,100407.0,92548.0,2.789288203857176
1970-01-01 00:00:01.767605580,100445.5,92548.0,2.7520137866935173
1970-01-01 00:00:01.767605760,100687.5,92548.0,2.5177174502362325
1970-01-01 00:00:01.767605940,100693.5,92548.0,2.511908450158779
1970-01-01 00:00:01.767606120,100762.5,92548.0,2.445104949268066
1970-01-01 00:00:01.767606300,100899.0,92548.0,2.3129501975060025
1970-01-01 00:00:01.767606480,100976.0,92548.0,2.238401363178685
1970-01-01 00:00:01.767606660,101043.0,92548.0,2.1735341956471226
1970-01-01 00:00:01.767606840,100901.5,92548.0,2.3105297808070637
1970-01-01 00:00:01.767607020,100874.5,92548.0,2.336670281155604
1970-01-01 00:00:01.767671100,101619.5,92548.0,1.6153861048718146
1970-01-01 00:00:01.767671280,102063.5,92548.0,1.1855200991402681
1970-01-01 00:00:01.767671460,102083.5,92548.0,1.1661567655487568
1970-01-01 00:00:01.767671640,102307.5,92548.0,0.9492874293238325
1970-01-01 00:00:01.767671820,102721.0,92548.0,0.54895050731934
1970-01-01 00:00:01.767672000,102259.0,92548.0,0.9962435132832468
1970-01-01 00:00:01.767672180,101388.5,101388.5,1.8390326078537682
1970-01-01 00:00:01.767672360,101388.5,101388.5,1.8390326078537682
1970-01-01 00:00:01.767672540,101388.5,101388.5,1.8390326078537682
1970-01-01 00:00:01.767672720,101388.5,101388.5,1.8390326078537682
1970-01-01 00:00:01.767672900,101388.5,101388.5,1.8390326078537682
1970-01-01 00:00:01.767673080,101388.5,101388.5,1.8390326078537682
1970-01-01 00:00:01.767673260,101388.5,101388.5,1.8390326078537682
1970-01-01 00:00:01.767673440,101388.5,101388.5,1.8390326078537682
1970-01-01 00:00:01.767673620,101388.5,101388.5,1.8390326078537682
1970-01-01 00:00:01.767673800,101388.5,101388.5,1.8390326078537682
1970-01-01 00:00:01.767673980,101388.5,101388.5,1.8390326078537682
1970-01-01 00:00:01.767674160,101388.5,101388.5,1.8390326078537682
1970-01-01 00:00:01.767674340,101388.5,101388.5,1.8390326078537682
1970-01-01 00:00:01.767674520,101388.5,101388.5,1.8390326078537682
1970-01-01 00:00:01.767674700,101388.5,101388.5,1.8390326078537682
1970-01-01 00:00:01.767674880,101388.5,101388.5,1.8390326078537682
1970-01-01 00:00:01.767675060,101388.5,101388.5,1.8390326078537682
1970-01-01 00:00:01.767675240,101388.5,101388.5,1.8390326078537682
1970-01-01 00:00:01.767675420,101388.5,101388.5,1.8390326078537682
1970-01-01 00:00:01.767675600,101388.5,101388.5,1.8390326078537682
1970-01-01 00:00:01.767675780,101388.5,101388.5,1.8390326078537682
1970-01-01 00:00:01.767675960,101388.5,101388.5,1.8390326078537682
1970-01-01 00:00:01.767676140,101388.5,101388.5,1.8390326078537682
1970-01-01 00:00:01.767676320,101388.5,101388.5,1.8390326078537682
1970-01-01 00:00:01.767676500,101388.5,101388.5,1.8390326078537682
1970-01-01 00:00:01.767676680,101388.5,101388.5,1.8390326078537682
1970-01-01 00:00:01.767676860,101388.5,101388.5,1.8390326078537682
1970-01-01 00:00:01.767677040,101388.5,101388.5,1.8390326078537682
1970-01-01 00:00:01.767677220,101388.5,101388.5,1.8390326078537682
1970-01-01 00:00:01.767677400,101388.5,101388.5,1.8390326078537682
1970-01-01 00:00:01.767677580,101388.5,101388.5,1.8390326078537682
1970-01-01 00:00:01.767677760,101388.5,101388.5,1.8390326078537682
1970-01-01 00:00:01.767677940,101381.5,93326.0,1.845809774610797
1970-01-01 00:00:01.767678120,101641.5,93326.0,1.5940864379211526
1970-01-01 00:00:01.767678300,102556.0,93326.0,0.7086980094493067
1970-01-01 00:00:01.767678480,102821.0,93326.0,0.45213383936178453
1970-01-01 00:00:01.767678660,102847.5,93326.0,0.4264774223530323
1970-01-01 00:00:01.767678840,102471.0,93326.0,0.7909921772132291
1970-01-01 00:00:01.767679020,102175.5,93326.0,1.0770854310278057
1970-01-01 00:00:01.767679200,102267.5,93326.0,0.9880140965068547
1970-01-01 00:00:01.767679380,102288.0,93326.0,0.9681666795755557
1970-01-01 00:00:01.767679560,102025.0,93326.0,1.2227945163039269
1970-01-01 00:00:01.767679740,101997.5,93326.0,1.2494190999922545
1970-01-01 00:00:01.767679920,101655.5,101655.5,1.5805321044070948
1970-01-01 00:00:01.767680100,101655.5,101655.5,1.5805321044070948
1970-01-01 00:00:01.767680280,101655.5,101655.5,1.5805321044070948
1970-01-01 00:00:01.767680460,101655.5,101655.5,1.5805321044070948
1970-01-01 00:00:01.767680640,101648.5,93071.0,1.5873092711641237
1970-01-01 00:00:01.767680820,101883.5,93071.0,1.359790101463868
1970-01-01 00:00:01.767681000,102112.5,93071.0,1.1380799318410657
1970-01-01 00:00:01.767681180,102021.5,93071.0,1.2261830996824412
1970-01-01 00:00:01.767681360,102272.0,93071.0,0.9836573464487646
1970-01-01 00:00:01.767681540,102248.5,93071.0,1.0064092634187902
1970-01-01 00:00:01.767681720,102058.5,93071.0,1.1903609325381457
1970-01-01 00:00:01.767681900,102159.0,93071.0,1.0930601812408025
1970-01-01 00:00:01.767682080,102281.0,93071.0,0.9749438463325846
1970-01-01 00:00:01.767682260,102373.0,93071.0,0.8858725118116336
1970-01-01 00:00:01.767682440,102390.0,93071.0,0.8694136782588491
1970-01-01 00:00:01.767682620,102208.5,93071.0,1.0451359306018124
1970-01-01 00:00:01.767682800,102222.5,93071.0,1.0315815970877547
1970-01-01 00:00:01.767682980,102142.5,93071.0,1.109034931453799
1970-01-01 00:00:01.767683160,102237.0,93071.0,1.0175431802339092
1970-01-01 00:00:01.767683340,102094.5,93071.0,1.1555069320734257
1970-01-01 00:00:01.767683520,102160.5,93071.0,1.091607931221439
1970-01-01 00:00:01.767683700,102154.0,93071.0,1.09790101463868
1970-01-01 00:00:01.767683880,102303.5,93071.0,0.9531600960421346
1970-01-01 00:00:01.767684060,102199.5,93071.0,1.0538494307179924
1970-01-01 00:00:01.767684240,101947.0,93071.0,1.2983115173108204
1970-01-01 00:00:01.767684420,101772.5,93071.0,1.4672566028967546
1970-01-01 00:00:01.767684600,101722.0,93071.0,1.5161490202153203
1970-01-01 00:00:01.767684780,101781.5,93071.0,1.4585431027805746
1970-01-01 00:00:01.767684960,101461.5,93071.0,1.7683564402447525
1970-01-01 00:00:01.767685140,101602.5,93071.0,1.6318449384245992
1970-01-01 00:00:01.767685320,101878.5,93071.0,1.3646309348617458
1970-01-01 00:00:01.767685500,102129.5,93071.0,1.1216210982882813
1970-01-01 00:00:01.767685680,102035.5,93071.0,1.2126287661683837
1970-01-01 00:00:01.767685860,102181.0,93071.0,1.0717605142901403
1970-01-01 00:00:01.767686040,102273.5,93071.0,0.9822050964294013
1970-01-01 00:00:01.767686220,102198.0,93071.0,1.0553016807373556
1970-01-01 00:00:01.767686400,102425.5,93071.0,0.8350437611339169
1970-01-01 00:00:01.767686580,102354.5,93071.0,0.9037835953837814
1970-01-01 00:00:01.767686760,102382.0,93071.0,0.8771590116954535
1970-01-01 00:00:01.767686940,102415.0,93071.0,0.8452095112694602
1970-01-01 00:00:01.767687120,102150.0,93071.0,1.1017736813569825
1970-01-01 00:00:01.767687300,102147.5,93071.0,1.1041940980559213
1970-01-01 00:00:01.767687480,101916.5,93071.0,1.3278406010378747
1970-01-01 00:00:01.767687660,102344.0,93071.0,0.9139493455193246
1970-01-01 00:00:01.767687840,102341.5,93071.0,0.9163697622182635
1970-01-01 00:00:01.767688020,102433.5,93071.0,0.8272984276973124
1970-01-01 00:00:01.767688200,102020.0,93071.0,1.2276353497018047
1970-01-01 00:00:01.767688380,102291.5,93071.0,0.9647780961970412
1970-01-01 00:00:01.767688560,102499.5,93071.0,0.7633994268453257
1970-01-01 00:00:01.767688740,102851.5,93071.0,0.4226047556347301
1970-01-01 00:00:01.767688920,102973.0,93071.0,0.30497250406630005
1970-01-01 00:00:01.767689100,102870.5,93071.0,0.40420958872279455
1970-01-01 00:00:01.767689280,103003.0,93071.0,0.27592750367903335
1970-01-01 00:00:01.767689460,102889.5,93071.0,0.38581442181085895
1970-01-01 00:00:01.767689640,102735.5,93071.0,0.5349120904654945
1970-01-01 00:00:01.767689820,102571.0,93071.0,0.6941755092556735
1970-01-01 00:00:01.767690000,102635.0,93071.0,0.6322128417628379
1970-01-01 00:00:01.767690180,102642.0,93071.0,0.625435675005809
1970-01-01 00:00:01.767690360,103029.0,93071.0,0.250755170010069
1970-01-01 00:00:01.767690540,102600.5,93071.0,0.6656145922081946
1970-01-01 00:00:01.767690720,102527.5,93071.0,0.7362907598172101
1970-01-01 00:00:01.767690900,102211.0,93071.0,1.0427155139028734
1970-01-01 00:00:01.767691080,102018.0,102018.0,1.2295716830609558
1970-01-01 00:00:01.767691260,102018.0,102018.0,1.2295716830609558
1970-01-01 00:00:01.767691440,102018.0,102018.0,1.2295716830609558
1970-01-01 00:00:01.767691620,102018.0,102018.0,1.2295716830609558
1970-01-01 00:00:01.767691800,102018.0,102018.0,1.2295716830609558
1970-01-01 00:00:01.767691980,102018.0,102018.0,1.2295716830609558
1970-01-01 00:00:01.767692160,102018.0,102018.0,1.2295716830609558
1970-01-01 00:00:01.767692340,102018.0,102018.0,1.2295716830609558
1970-01-01 00:00:01.767692520,102018.0,102018.0,1.2295716830609558
1970-01-01 00:00:01.767692700,102018.0,102018.0,1.2295716830609558
1970-01-01 00:00:01.767692880,102018.0,102018.0,1.2295716830609558
1970-01-01 00:00:01.767693060,102018.0,102018.0,1.2295716830609558
1970-01-01 00:00:01.767693240,102018.0,102018.0,1.2295716830609558
1970-01-01 00:00:01.767693420,102018.0,102018.0,1.2295716830609558
